,Education,City_Prague,Gender_Male,Loan term_4.0_12.0,Loan term_12.0_18.0,Loan term_18.0_24.0,Loan term_24.0_72.0,Loan Amount_250.0_1348.25,Loan Amount_1348.25_2325.5,Loan Amount_2325.5_3963.5,Loan Amount_3963.5_18424.0,Years since application_3.0_5.0,Years since application_5.0_8.0,Years since application_8.0_11.0,Years since application_11.0_13.0,Age_24.0_35.0,Age_35.0_41.0,Age_41.0_49.0,Age_49.0_73.0,DEFAULT
0,1,1,0,0,0,0,1,0,0,1,0,1,0,0,0,0,1,0,0,0
1,1,1,1,0,1,0,0,1,0,0,0,0,0,1,0,0,1,0,0,1
2,0,0,0,0,0,0,1,1,0,0,0,0,0,1,0,0,0,0,1,1
3,1,0,1,0,1,0,0,1,0,0,0,0,0,1,0,0,0,1,0,0
4,0,1,1,0,0,0,1,0,1,0,0,0,0,1,0,0,0,1,0,1
5,0,1,1,0,0,0,1,0,0,1,0,0,1,0,0,1,0,0,0,1
6,1,0,0,1,0,0,0,0,1,0,0,0,1,0,0,0,0,0,1,0
7,0,0,1,0,0,0,1,0,0,0,1,0,1,0,0,1,0,0,0,1
8,2,1,1,0,0,0,1,0,0,0,1,0,0,1,0,1,0,0,0,1
9,0,1,0,0,0,0,1,0,0,0,1,0,0,1,0,0,1,0,0,1
10,0,1,0,0,1,0,0,1,0,0,0,1,0,0,0,0,1,0,0,0
11,0,1,1,0,0,0,1,0,1,0,0,0,0,0,1,0,0,1,0,1
12,2,0,0,1,0,0,0,0,1,0,0,0,1,0,0,0,0,0,1,0
13,2,1,0,0,1,0,0,0,1,0,0,0,0,1,0,0,0,1,0,0
14,1,1,0,0,0,0,1,0,0,1,0,0,0,0,1,0,0,0,1,1
15,1,1,0,1,0,0,0,0,0,1,0,0,0,1,0,0,0,1,0,1
16,0,1,0,0,1,0,0,1,0,0,0,0,0,1,0,0,0,1,0,1
17,2,1,1,0,0,0,1,0,0,0,1,0,0,0,1,0,0,1,0,0
18,1,0,1,0,0,0,1,0,0,0,1,0,1,0,0,1,0,0,0,0
19,0,0,0,0,0,0,1,0,0,0,1,0,0,0,1,0,1,0,0,0
20,1,0,0,0,0,0,1,0,0,0,1,0,0,1,0,0,0,1,0,0
21,0,0,0,1,0,0,0,0,1,0,0,0,0,1,0,0,0,0,1,0
22,0,1,1,0,0,0,1,0,0,0,1,0,0,1,0,0,1,0,0,1
23,0,1,1,0,1,0,0,0,1,0,0,1,0,0,0,1,0,0,0,0
24,0,1,0,0,1,0,0,0,0,0,1,0,1,0,0,0,0,0,1,0
25,0,1,1,0,0,0,1,0,0,0,1,0,0,0,1,0,0,1,0,0
26,2,1,0,0,0,0,1,0,1,0,0,0,1,0,0,0,1,0,0,0
27,2,1,1,0,0,0,1,0,0,1,0,0,1,0,0,0,0,0,1,0
28,2,1,0,0,0,0,1,0,0,1,0,0,0,0,1,0,0,1,0,0
29,0,1,0,1,0,0,0,1,0,0,0,0,0,0,1,0,1,0,0,1
30,1,1,1,1,0,0,0,1,0,0,0,0,0,0,1,0,0,1,0,1
31,1,1,0,0,0,0,1,0,0,0,1,0,0,0,1,0,1,0,0,1
32,2,1,0,0,1,0,0,1,0,0,0,0,1,0,0,0,0,1,0,0
33,2,0,0,0,0,0,1,0,0,1,0,1,0,0,0,0,0,1,0,0
34,0,0,1,0,1,0,0,0,0,1,0,0,0,0,1,0,0,1,0,0
35,1,0,1,1,0,0,0,1,0,0,0,0,0,0,1,0,0,1,0,1
36,0,0,0,0,0,0,1,0,0,0,1,0,1,0,0,0,0,1,0,0
37,2,1,0,0,0,0,1,1,0,0,0,0,0,0,1,0,0,0,1,0
38,2,1,1,0,0,1,0,0,0,0,1,0,0,1,0,0,0,1,0,0
39,0,0,1,0,0,0,1,0,0,1,0,0,1,0,0,0,0,1,0,1
40,0,1,1,1,0,0,0,0,1,0,0,0,0,1,0,1,0,0,0,1
41,2,0,0,0,1,0,0,0,1,0,0,0,1,0,0,0,0,1,0,0
42,0,0,0,0,1,0,0,0,1,0,0,1,0,0,0,0,1,0,0,1
43,0,1,0,0,1,0,0,1,0,0,0,0,0,1,0,0,0,1,0,0
44,2,1,0,0,1,0,0,0,1,0,0,0,0,1,0,0,0,1,0,0
45,2,1,1,0,1,0,0,0,1,0,0,0,0,1,0,1,0,0,0,0
46,0,1,1,0,0,0,1,0,0,0,1,0,0,1,0,0,0,0,1,1
47,0,1,0,0,0,0,1,0,0,0,1,0,0,1,0,0,0,1,0,1
48,0,1,1,0,0,0,1,0,0,0,1,0,1,0,0,1,0,0,0,0
49,1,1,0,0,1,0,0,1,0,0,0,0,0,0,1,0,0,0,1,0
50,2,1,0,1,0,0,0,1,0,0,0,1,0,0,0,0,0,0,1,0
51,1,1,1,0,0,0,1,0,1,0,0,0,0,0,1,0,0,0,1,1
52,0,0,0,0,1,0,0,1,0,0,0,0,0,0,1,1,0,0,0,1
53,1,1,1,0,1,0,0,0,1,0,0,0,0,1,0,0,0,0,1,0
54,1,1,1,0,0,1,0,0,1,0,0,1,0,0,0,1,0,0,0,0
55,1,1,0,0,1,0,0,0,1,0,0,0,0,1,0,0,0,1,0,0
56,0,1,0,0,0,0,1,0,0,1,0,0,0,0,1,0,0,0,1,1
57,2,0,1,0,0,0,1,0,0,0,1,0,0,0,1,0,0,1,0,1
58,0,1,1,0,1,0,0,0,1,0,0,0,1,0,0,1,0,0,0,1
59,0,0,0,0,0,0,1,0,0,1,0,0,0,1,0,0,1,0,0,1
60,2,0,1,0,0,0,1,1,0,0,0,0,1,0,0,0,0,0,1,0
61,2,0,1,0,0,1,0,1,0,0,0,1,0,0,0,0,0,1,0,0
62,0,1,1,0,0,0,1,0,0,0,1,0,0,1,0,0,0,0,1,0
63,0,0,0,0,0,0,1,0,0,1,0,1,0,0,0,1,0,0,0,1
64,2,0,0,0,0,0,1,0,0,1,0,0,0,1,0,0,1,0,0,0
65,0,1,1,0,0,0,1,1,0,0,0,1,0,0,0,1,0,0,0,1
66,1,1,1,0,0,0,1,0,0,1,0,0,1,0,0,1,0,0,0,1
67,2,0,0,0,0,0,1,0,0,0,1,0,0,1,0,0,1,0,0,0
68,1,0,1,0,0,0,1,0,0,0,1,0,0,0,1,0,0,1,0,1
69,2,1,0,0,1,0,0,0,1,0,0,1,0,0,0,0,1,0,0,0
70,1,1,1,0,1,0,0,0,0,1,0,0,1,0,0,1,0,0,0,0
71,0,1,0,0,1,0,0,1,0,0,0,0,1,0,0,1,0,0,0,1
72,2,0,1,0,0,0,1,0,0,0,1,1,0,0,0,0,0,1,0,0
73,1,1,0,0,0,0,1,1,0,0,0,1,0,0,0,1,0,0,0,1
74,2,1,1,0,1,0,0,0,0,1,0,0,0,1,0,0,0,1,0,1
75,1,1,1,0,1,0,0,0,0,1,0,1,0,0,0,0,0,1,0,0
76,2,1,1,0,1,0,0,0,1,0,0,0,1,0,0,0,1,0,0,0
77,0,1,1,0,1,0,0,0,0,1,0,0,0,1,0,0,0,0,1,0
78,2,0,0,1,0,0,0,0,1,0,0,0,0,0,1,0,0,1,0,0
79,0,1,1,0,0,0,1,0,0,1,0,0,1,0,0,0,0,0,1,1
80,1,1,0,0,0,0,1,1,0,0,0,0,0,0,1,0,1,0,0,0
81,2,0,1,0,0,0,1,0,0,1,0,0,0,0,1,0,0,1,0,0
82,2,1,0,0,0,0,1,0,0,0,1,1,0,0,0,0,0,1,0,0
83,1,1,0,0,0,1,0,0,1,0,0,0,0,1,0,1,0,0,0,0
84,2,1,1,0,0,0,1,0,0,1,0,0,1,0,0,0,0,1,0,0
85,2,1,0,1,0,0,0,0,1,0,0,0,0,1,0,0,0,1,0,1
86,0,0,0,1,0,0,0,1,0,0,0,0,1,0,0,0,0,1,0,0
87,1,1,0,0,0,0,1,0,1,0,0,0,0,1,0,1,0,0,0,0
88,0,0,0,0,1,0,0,0,1,0,0,0,0,0,1,0,0,0,1,0
89,1,0,0,0,0,0,1,0,0,0,1,0,1,0,0,0,0,1,0,1
90,1,1,0,0,1,0,0,0,0,1,0,1,0,0,0,1,0,0,0,0
91,0,1,0,1,0,0,0,0,1,0,0,1,0,0,0,1,0,0,0,1
92,0,1,0,0,1,0,0,1,0,0,0,0,1,0,0,0,0,1,0,0
93,2,1,0,0,0,0,1,0,0,0,1,1,0,0,0,0,1,0,0,0
94,0,1,0,0,0,0,1,0,0,1,0,0,0,1,0,0,0,1,0,1
95,0,0,0,0,1,0,0,0,1,0,0,1,0,0,0,0,0,1,0,1
96,0,1,0,0,0,0,1,0,0,1,0,1,0,0,0,1,0,0,0,0
97,1,0,1,0,0,0,1,0,1,0,0,1,0,0,0,0,0,1,0,0
98,0,1,0,0,0,0,1,0,0,0,1,0,0,1,0,0,0,1,0,1
99,0,1,0,0,0,1,0,0,0,0,1,0,0,1,0,0,0,0,1,1
100,2,1,0,1,0,0,0,1,0,0,0,0,0,0,1,0,0,1,0,0
101,2,0,0,0,0,0,1,0,0,0,1,1,0,0,0,0,0,0,1,0
102,2,1,0,1,0,0,0,1,0,0,0,0,0,0,1,0,1,0,0,0
103,0,0,1,0,0,0,1,0,1,0,0,0,0,0,1,0,0,0,1,0
104,1,1,0,0,1,0,0,0,1,0,0,0,0,1,0,0,0,1,0,1
105,1,0,0,1,0,0,0,0,1,0,0,0,0,0,1,0,1,0,0,0
106,0,1,0,0,0,0,1,0,0,0,1,0,0,1,0,0,1,0,0,1
107,2,1,1,0,0,0,1,0,0,0,1,0,0,1,0,0,0,0,1,0
108,0,1,0,0,0,0,1,0,0,0,1,0,0,0,1,0,1,0,0,1
109,0,1,1,0,1,0,0,0,0,1,0,0,1,0,0,0,0,1,0,0
110,2,1,0,1,0,0,0,0,1,0,0,1,0,0,0,0,0,1,0,0
111,0,1,0,0,0,0,1,0,0,0,1,1,0,0,0,0,0,0,1,1
112,2,0,0,1,0,0,0,0,0,1,0,1,0,0,0,1,0,0,0,0
113,0,1,0,0,0,0,1,0,0,1,0,0,0,1,0,0,0,1,0,0
114,2,0,1,0,0,1,0,0,0,1,0,0,1,0,0,1,0,0,0,1
115,1,1,0,0,1,0,0,0,1,0,0,1,0,0,0,0,0,1,0,0
116,0,1,1,0,0,0,1,0,0,1,0,0,0,0,1,1,0,0,0,1
117,0,1,0,1,0,0,0,0,1,0,0,0,1,0,0,1,0,0,0,0
118,0,0,0,0,0,0,1,0,0,0,1,1,0,0,0,0,0,1,0,1
119,1,0,1,0,0,0,1,1,0,0,0,0,0,1,0,0,0,1,0,0
120,1,0,0,0,1,0,0,0,0,0,1,1,0,0,0,1,0,0,0,1
121,2,1,0,1,0,0,0,1,0,0,0,0,0,0,1,0,1,0,0,0
122,2,1,0,0,1,0,0,0,1,0,0,0,0,1,0,0,0,0,1,0
123,1,1,0,1,0,0,0,1,0,0,0,1,0,0,0,1,0,0,0,0
124,2,1,0,1,0,0,0,0,0,0,1,1,0,0,0,0,1,0,0,0
125,2,1,0,0,0,1,0,0,0,0,1,0,0,1,0,0,0,0,1,0
126,1,1,0,0,1,0,0,1,0,0,0,0,1,0,0,1,0,0,0,0
127,1,0,0,0,1,0,0,1,0,0,0,0,1,0,0,0,0,0,1,0
128,1,1,0,0,0,1,0,0,1,0,0,0,1,0,0,0,0,1,0,0
129,2,1,0,0,0,0,1,0,0,0,1,0,0,1,0,1,0,0,0,1
130,2,1,1,0,0,1,0,0,0,1,0,0,0,1,0,0,1,0,0,0
131,0,1,0,0,0,0,1,0,0,1,0,0,0,1,0,0,0,0,1,1
132,1,0,0,0,0,1,0,0,1,0,0,0,0,0,1,0,0,1,0,0
133,1,1,1,0,0,0,1,0,0,0,1,0,0,0,1,0,0,1,0,0
134,2,0,1,0,0,0,1,0,1,0,0,1,0,0,0,1,0,0,0,0
135,0,1,1,0,0,1,0,0,0,1,0,0,0,0,1,0,1,0,0,1
136,0,0,0,1,0,0,0,1,0,0,0,0,0,0,1,0,0,0,1,0
137,1,1,1,1,0,0,0,0,1,0,0,1,0,0,0,0,1,0,0,0
138,2,0,1,0,0,1,0,0,0,1,0,0,1,0,0,0,0,1,0,0
139,0,1,0,0,0,0,1,0,0,1,0,0,0,0,1,0,0,0,1,1
140,0,1,1,0,1,0,0,1,0,0,0,0,0,1,0,0,0,0,1,0
141,2,1,0,0,0,1,0,0,0,1,0,0,1,0,0,0,1,0,0,0
142,0,0,0,0,0,1,0,0,1,0,0,0,0,0,1,0,0,1,0,0
143,1,1,1,1,0,0,0,1,0,0,0,0,0,0,1,0,0,0,1,0
144,0,0,0,0,0,0,1,0,0,0,1,0,1,0,0,0,0,0,1,1
145,2,1,0,0,0,0,1,0,1,0,0,0,1,0,0,0,1,0,0,0
146,2,1,0,0,0,0,1,1,0,0,0,0,1,0,0,0,0,1,0,0
147,2,0,0,1,0,0,0,1,0,0,0,0,1,0,0,1,0,0,0,0
148,2,1,0,0,0,0,1,0,0,1,0,1,0,0,0,1,0,0,0,0
149,0,1,1,0,0,0,1,0,0,0,1,0,0,1,0,1,0,0,0,1
150,1,0,1,0,0,1,0,0,1,0,0,1,0,0,0,1,0,0,0,0
151,2,1,0,0,1,0,0,0,1,0,0,0,0,1,0,0,0,1,0,0
152,2,0,1,1,0,0,0,0,1,0,0,0,1,0,0,0,0,0,1,0
153,1,1,1,1,0,0,0,1,0,0,0,0,1,0,0,0,0,0,1,0
154,1,0,1,0,0,0,1,0,0,0,1,1,0,0,0,0,1,0,0,0
155,0,1,0,1,0,0,0,0,0,1,0,1,0,0,0,0,0,1,0,0
156,1,1,1,1,0,0,0,1,0,0,0,0,1,0,0,1,0,0,0,1
157,2,0,0,0,0,1,0,1,0,0,0,0,0,1,0,0,0,0,1,0
158,1,0,0,0,0,1,0,0,0,1,0,0,1,0,0,0,0,1,0,0
159,0,1,1,0,0,0,1,0,0,1,0,1,0,0,0,1,0,0,0,1
160,0,0,0,0,0,0,1,0,0,0,1,0,0,0,1,0,1,0,0,0
161,0,0,0,1,0,0,0,0,1,0,0,0,0,0,1,0,0,0,1,1
162,0,0,0,0,0,0,1,1,0,0,0,0,1,0,0,0,0,0,1,1
163,1,1,1,0,1,0,0,1,0,0,0,0,0,0,1,0,0,1,0,1
164,0,1,1,0,1,0,0,0,0,0,1,0,0,1,0,0,0,0,1,1
165,2,1,1,0,0,0,1,0,0,0,1,1,0,0,0,0,0,0,1,0
166,0,1,0,1,0,0,0,0,1,0,0,0,1,0,0,0,0,1,0,1
167,2,0,1,1,0,0,0,1,0,0,0,0,0,1,0,1,0,0,0,0
168,0,1,0,0,0,0,1,0,0,0,1,1,0,0,0,1,0,0,0,1
169,0,1,1,0,1,0,0,1,0,0,0,0,0,0,1,0,1,0,0,0
170,2,0,0,1,0,0,0,1,0,0,0,0,0,0,1,0,0,0,1,1
171,0,1,0,1,0,0,0,1,0,0,0,0,1,0,0,0,1,0,0,1
172,2,1,0,0,0,0,1,0,0,1,0,0,0,0,1,0,0,1,0,0
173,1,1,0,1,0,0,0,1,0,0,0,0,1,0,0,0,0,0,1,0
174,0,0,1,1,0,0,0,1,0,0,0,0,1,0,0,0,1,0,0,0
175,0,0,0,1,0,0,0,1,0,0,0,0,1,0,0,1,0,0,0,0
176,2,1,0,0,0,1,0,1,0,0,0,0,1,0,0,1,0,0,0,0
177,1,1,0,0,0,0,1,0,0,0,1,0,0,1,0,0,0,0,1,1
178,1,1,0,0,0,0,1,0,0,0,1,0,0,0,1,0,0,0,1,1
179,2,1,0,1,0,0,0,0,1,0,0,1,0,0,0,1,0,0,0,1
180,0,1,1,0,0,0,1,0,0,0,1,0,1,0,0,1,0,0,0,1
181,0,1,0,0,0,1,0,0,0,0,1,0,0,0,1,0,0,1,0,0
182,2,1,0,1,0,0,0,1,0,0,0,0,0,1,0,0,1,0,0,0
183,0,1,0,1,0,0,0,1,0,0,0,0,0,0,1,0,0,1,0,1
184,0,1,0,0,0,0,1,1,0,0,0,0,1,0,0,0,1,0,0,1
185,1,1,0,0,0,0,1,0,0,0,1,0,1,0,0,0,0,1,0,0
186,0,0,1,0,1,0,0,0,1,0,0,0,0,1,0,0,0,0,1,1
187,1,0,1,0,1,0,0,0,1,0,0,0,0,0,1,0,0,0,1,0
188,2,1,1,0,0,0,1,0,0,1,0,1,0,0,0,1,0,0,0,1
189,1,1,0,0,0,0,1,0,0,0,1,0,1,0,0,1,0,0,0,1
190,1,0,0,0,0,1,0,0,0,1,0,0,1,0,0,0,0,1,0,0
191,1,1,0,0,1,0,0,1,0,0,0,0,1,0,0,0,0,1,0,0
192,0,1,0,1,0,0,0,0,1,0,0,0,0,1,0,1,0,0,0,1
193,0,1,1,0,1,0,0,1,0,0,0,0,1,0,0,1,0,0,0,0
194,1,1,0,0,1,0,0,0,1,0,0,0,1,0,0,0,0,0,1,0
195,0,1,1,0,0,0,1,0,1,0,0,0,1,0,0,0,0,1,0,0
196,1,1,1,0,0,0,1,0,1,0,0,0,0,1,0,0,1,0,0,1
197,2,1,0,0,0,0,1,0,0,0,1,0,0,1,0,0,0,1,0,0
198,0,0,0,0,1,0,0,1,0,0,0,0,1,0,0,0,0,0,1,0
199,0,0,1,0,0,0,1,0,0,1,0,0,1,0,0,1,0,0,0,1
200,2,1,0,0,0,0,1,0,0,0,1,0,0,1,0,1,0,0,0,0
201,1,0,1,0,0,0,1,0,0,1,0,1,0,0,0,0,1,0,0,0
202,2,1,1,0,0,0,1,0,0,1,0,0,0,0,1,0,0,1,0,0
203,0,1,0,0,0,0,1,0,0,0,1,0,1,0,0,0,0,1,0,1
204,2,1,0,0,0,0,1,0,0,1,0,0,1,0,0,0,1,0,0,0
205,1,0,0,0,1,0,0,0,1,0,0,0,1,0,0,0,0,0,1,0
206,0,0,0,0,1,0,0,1,0,0,0,0,0,1,0,1,0,0,0,1
207,0,1,0,0,1,0,0,0,1,0,0,0,0,1,0,1,0,0,0,1
208,1,1,0,1,0,0,0,1,0,0,0,0,0,0,1,0,0,0,1,0
209,1,0,0,0,0,0,1,0,1,0,0,0,0,0,1,0,0,0,1,0
210,2,0,0,0,1,0,0,0,0,1,0,0,1,0,0,0,0,0,1,0
211,2,0,0,0,0,0,1,0,0,0,1,0,1,0,0,0,0,1,0,0
212,0,0,0,0,0,0,1,0,1,0,0,0,0,0,1,0,1,0,0,0
213,0,0,0,0,0,0,1,1,0,0,0,0,1,0,0,0,1,0,0,1
214,2,1,1,0,0,0,1,0,0,0,1,1,0,0,0,0,1,0,0,0
215,0,1,0,0,1,0,0,0,1,0,0,0,1,0,0,0,0,0,1,0
216,2,1,0,0,0,0,1,0,1,0,0,0,1,0,0,0,0,1,0,0
217,1,1,0,0,0,0,1,0,0,0,1,1,0,0,0,1,0,0,0,0
218,0,1,0,0,0,0,1,0,0,0,1,0,0,0,1,0,1,0,0,1
219,0,0,0,0,0,0,1,0,0,0,1,1,0,0,0,1,0,0,0,1
220,0,0,1,0,1,0,0,0,0,1,0,0,0,1,0,0,0,1,0,0
221,0,1,0,0,1,0,0,0,1,0,0,0,1,0,0,1,0,0,0,1
222,2,1,0,0,0,0,1,1,0,0,0,0,1,0,0,0,0,1,0,0
223,2,0,1,0,0,0,1,0,0,0,1,0,0,1,0,0,0,1,0,1
224,2,1,1,0,0,1,0,0,1,0,0,1,0,0,0,0,1,0,0,0
225,1,1,1,0,0,0,1,0,0,0,1,0,1,0,0,0,1,0,0,0
226,1,0,1,0,0,1,0,0,0,1,0,1,0,0,0,0,1,0,0,0
227,1,1,1,1,0,0,0,0,0,1,0,0,1,0,0,0,0,1,0,0
228,0,1,1,0,0,0,1,0,0,0,1,0,0,0,1,0,1,0,0,1
229,0,1,1,0,0,0,1,1,0,0,0,1,0,0,0,1,0,0,0,1
230,2,1,1,1,0,0,0,1,0,0,0,0,0,1,0,0,0,0,1,0
231,1,1,1,1,0,0,0,1,0,0,0,0,0,1,0,0,1,0,0,0
232,1,1,1,0,0,1,0,0,1,0,0,0,0,0,1,0,0,1,0,0
233,2,1,0,0,0,1,0,0,0,0,1,0,1,0,0,0,0,0,1,1
234,1,0,0,0,0,0,1,1,0,0,0,0,0,0,1,0,0,0,1,0
235,2,0,1,0,0,0,1,0,0,1,0,0,0,0,1,0,0,1,0,0
236,0,1,0,0,0,1,0,0,0,1,0,0,0,1,0,0,0,1,0,1
237,0,1,0,0,0,0,1,0,0,0,1,0,0,0,1,0,0,1,0,1
238,2,1,0,1,0,0,0,1,0,0,0,0,0,0,1,0,0,0,1,1
239,1,0,1,0,0,1,0,0,1,0,0,0,0,1,0,0,0,0,1,0
240,0,0,0,0,0,0,1,0,0,0,1,0,1,0,0,1,0,0,0,1
241,0,1,1,0,0,0,1,0,0,1,0,0,0,0,1,0,0,0,1,0
242,0,0,1,0,0,1,0,0,0,0,1,0,1,0,0,0,0,1,0,0
243,0,0,0,0,1,0,0,1,0,0,0,0,1,0,0,1,0,0,0,0
244,0,0,0,0,0,0,1,0,0,0,1,0,0,1,0,0,0,0,1,0
245,0,1,1,0,0,1,0,1,0,0,0,0,0,0,1,0,0,1,0,0
246,2,1,0,0,0,0,1,0,1,0,0,0,0,1,0,0,0,1,0,0
247,0,1,0,1,0,0,0,1,0,0,0,0,1,0,0,0,0,1,0,0
248,2,1,1,0,1,0,0,0,0,1,0,0,0,1,0,0,1,0,0,0
249,1,0,1,0,0,0,1,0,0,1,0,0,1,0,0,0,0,0,1,0
250,1,1,1,0,1,0,0,0,1,0,0,0,0,0,1,0,0,1,0,0
251,1,0,0,0,1,0,0,1,0,0,0,1,0,0,0,0,0,0,1,0
252,1,1,1,0,0,0,1,0,0,1,0,0,1,0,0,0,0,1,0,0
253,2,1,0,1,0,0,0,1,0,0,0,0,0,0,1,0,0,1,0,0
254,2,0,0,0,1,0,0,0,1,0,0,0,1,0,0,0,0,1,0,0
255,0,0,0,1,0,0,0,0,0,0,1,0,0,1,0,0,0,0,1,1
256,1,1,0,1,0,0,0,1,0,0,0,0,0,0,1,0,0,0,1,0
257,2,1,0,1,0,0,0,1,0,0,0,0,0,1,0,0,0,0,1,0
258,2,0,0,0,1,0,0,1,0,0,0,0,0,0,1,0,0,0,1,0
259,2,0,1,0,1,0,0,1,0,0,0,0,1,0,0,0,0,0,1,0
260,1,0,0,0,0,1,0,0,0,1,0,0,0,0,1,0,1,0,0,0
261,2,0,0,1,0,0,0,1,0,0,0,1,0,0,0,0,0,0,1,0
262,0,1,0,0,1,0,0,1,0,0,0,0,0,0,1,1,0,0,0,0
263,0,0,0,0,0,0,1,0,0,1,0,1,0,0,0,0,0,0,1,1
264,2,1,0,0,1,0,0,1,0,0,0,0,0,1,0,0,0,1,0,0
265,1,0,0,0,0,0,1,0,0,0,1,0,0,1,0,0,0,0,1,0
266,0,1,1,0,0,0,1,0,0,0,1,0,0,0,1,0,1,0,0,0
267,2,1,0,0,0,1,0,0,0,1,0,1,0,0,0,1,0,0,0,0
268,0,0,0,0,0,0,1,0,0,0,1,1,0,0,0,1,0,0,0,1
269,0,1,0,0,0,1,0,0,0,0,1,0,0,1,0,0,0,1,0,0
270,1,1,0,0,0,0,1,0,1,0,0,0,1,0,0,0,1,0,0,1
271,0,0,0,1,0,0,0,0,0,1,0,0,0,1,0,0,0,0,1,0
272,1,1,1,1,0,0,0,0,1,0,0,0,0,0,1,0,1,0,0,1
273,0,1,0,0,0,1,0,0,1,0,0,0,0,1,0,1,0,0,0,1
274,1,1,0,0,1,0,0,0,0,1,0,0,0,1,0,1,0,0,0,0
275,0,1,0,0,0,0,1,0,0,0,1,0,0,1,0,0,1,0,0,1
276,2,0,0,0,0,1,0,1,0,0,0,0,1,0,0,0,0,0,1,0
277,0,0,1,0,0,1,0,0,1,0,0,0,1,0,0,0,0,1,0,1
278,0,1,1,0,0,1,0,0,0,1,0,0,1,0,0,1,0,0,0,1
279,0,1,0,0,0,0,1,0,0,1,0,1,0,0,0,0,1,0,0,1
280,2,1,0,0,0,1,0,0,0,0,1,1,0,0,0,0,1,0,0,0
281,1,1,1,0,0,0,1,0,0,1,0,0,0,0,1,0,0,0,1,0
282,2,1,0,0,0,0,1,0,0,1,0,1,0,0,0,0,0,0,1,1
283,0,1,0,1,0,0,0,1,0,0,0,0,1,0,0,0,1,0,0,0
284,1,0,1,0,0,1,0,0,0,1,0,0,1,0,0,0,0,0,1,0
285,2,1,0,1,0,0,0,0,1,0,0,1,0,0,0,0,1,0,0,0
286,2,1,1,0,0,1,0,0,1,0,0,1,0,0,0,1,0,0,0,0
287,0,1,0,0,0,0,1,0,0,0,1,1,0,0,0,1,0,0,0,1
288,2,0,0,0,0,0,1,0,0,0,1,1,0,0,0,1,0,0,0,0
289,0,1,0,0,1,0,0,0,1,0,0,0,1,0,0,0,1,0,0,1
290,2,0,1,0,0,0,1,0,1,0,0,0,0,1,0,0,1,0,0,0
291,0,1,1,0,0,0,1,0,0,0,1,0,1,0,0,0,0,0,1,1
292,1,1,0,0,0,0,1,0,0,0,1,0,0,1,0,1,0,0,0,1
293,2,0,0,0,0,1,0,0,0,1,0,0,0,0,1,0,1,0,0,0
294,2,1,1,0,0,0,1,0,0,1,0,0,1,0,0,0,0,0,1,0
295,1,1,0,0,0,0,1,0,0,0,1,0,0,1,0,0,1,0,0,0
296,2,1,0,0,0,0,1,0,0,1,0,0,0,1,0,1,0,0,0,1
297,0,1,1,0,0,0,1,0,0,0,1,0,1,0,0,0,0,0,1,1
298,2,1,1,0,0,0,1,0,0,0,1,0,1,0,0,0,0,0,1,0
299,1,0,0,1,0,0,0,0,1,0,0,0,0,0,1,0,0,0,1,0
300,1,1,0,0,0,1,0,0,1,0,0,0,0,0,1,0,0,1,0,1
301,0,0,0,1,0,0,0,1,0,0,0,0,1,0,0,0,0,0,1,0
302,0,1,0,1,0,0,0,0,0,1,0,0,1,0,0,0,0,1,0,1
303,0,1,0,0,0,0,1,0,0,0,1,0,0,0,1,0,1,0,0,1
304,1,1,0,0,1,0,0,0,0,1,0,0,1,0,0,0,1,0,0,0
305,1,0,0,0,0,1,0,0,0,1,0,0,0,0,1,0,1,0,0,1
306,2,0,0,1,0,0,0,0,0,1,0,0,0,0,1,0,0,1,0,0
307,0,0,0,0,0,1,0,0,0,0,1,0,0,0,1,0,0,1,0,0
308,0,0,0,0,0,1,0,0,1,0,0,0,0,0,1,0,1,0,0,1
309,1,0,1,0,0,0,1,0,0,0,1,0,0,1,0,0,0,1,0,0
310,0,1,0,0,0,0,1,0,0,1,0,1,0,0,0,0,1,0,0,1
311,2,1,0,0,1,0,0,1,0,0,0,1,0,0,0,0,1,0,0,0
312,1,1,1,1,0,0,0,0,1,0,0,1,0,0,0,1,0,0,0,0
313,0,1,1,0,0,1,0,0,0,1,0,0,0,0,1,0,0,1,0,1
314,1,0,0,0,0,0,1,0,0,0,1,0,0,1,0,1,0,0,0,1
315,0,1,0,1,0,0,0,1,0,0,0,0,1,0,0,1,0,0,0,0
316,1,1,1,0,1,0,0,0,0,1,0,0,1,0,0,0,0,1,0,0
317,0,1,0,0,0,1,0,0,0,1,0,1,0,0,0,1,0,0,0,0
318,2,1,1,0,0,1,0,1,0,0,0,0,0,0,1,0,0,0,1,0
319,1,0,0,0,0,0,1,0,0,1,0,0,0,1,0,0,1,0,0,1
320,0,0,1,0,0,0,1,1,0,0,0,0,0,1,0,0,1,0,0,1
321,0,0,1,0,0,0,1,0,0,1,0,0,0,1,0,0,1,0,0,0
322,0,1,0,0,0,1,0,0,0,0,1,0,1,0,0,0,0,0,1,1
323,2,1,0,0,0,0,1,0,0,1,0,0,0,0,1,0,0,1,0,0
324,0,1,1,0,0,0,1,0,0,1,0,0,0,1,0,1,0,0,0,1
325,0,1,0,0,1,0,0,0,0,1,0,1,0,0,0,1,0,0,0,1
326,0,1,1,0,1,0,0,1,0,0,0,0,0,1,0,0,1,0,0,0
327,1,0,1,0,0,0,1,0,0,1,0,0,0,0,1,0,0,1,0,0
328,1,1,1,0,1,0,0,0,0,1,0,1,0,0,0,0,0,0,1,1
329,2,0,0,0,0,0,1,0,0,0,1,1,0,0,0,1,0,0,0,1
330,0,1,1,0,1,0,0,1,0,0,0,0,0,0,1,0,0,1,0,1
331,2,1,0,1,0,0,0,0,1,0,0,0,0,0,1,0,0,1,0,0
332,1,1,0,0,0,0,1,0,0,1,0,0,0,0,1,0,1,0,0,0
333,0,0,0,0,0,0,1,0,0,0,1,0,0,0,1,0,0,0,1,0
334,2,1,0,0,1,0,0,0,1,0,0,0,1,0,0,1,0,0,0,0
335,1,0,1,0,1,0,0,1,0,0,0,0,0,1,0,0,1,0,0,0
336,0,0,0,1,0,0,0,0,0,1,0,1,0,0,0,0,0,1,0,1
337,0,0,0,0,0,0,1,0,0,0,1,0,0,0,1,0,1,0,0,1
338,0,1,1,1,0,0,0,0,1,0,0,1,0,0,0,1,0,0,0,1
339,2,0,0,0,1,0,0,0,1,0,0,1,0,0,0,0,0,1,0,0
340,0,1,0,0,0,0,1,0,0,0,1,1,0,0,0,0,0,0,1,1
341,2,1,1,0,1,0,0,0,0,0,1,0,0,1,0,1,0,0,0,1
342,0,1,0,0,0,0,1,0,0,1,0,1,0,0,0,1,0,0,0,1
343,0,1,0,0,0,1,0,1,0,0,0,0,1,0,0,1,0,0,0,0
344,0,0,0,0,1,0,0,0,1,0,0,0,0,0,1,0,1,0,0,0
345,0,0,1,1,0,0,0,1,0,0,0,0,1,0,0,0,0,1,0,0
346,0,1,0,0,1,0,0,0,0,0,1,0,1,0,0,0,1,0,0,1
347,0,0,0,0,1,0,0,1,0,0,0,1,0,0,0,1,0,0,0,0
348,2,1,0,0,0,1,0,0,1,0,0,0,0,1,0,1,0,0,0,0
349,0,1,0,1,0,0,0,1,0,0,0,0,1,0,0,0,1,0,0,0
350,0,1,0,0,0,1,0,0,1,0,0,0,0,1,0,0,0,0,1,0
351,1,1,0,0,0,0,1,0,0,0,1,0,0,1,0,0,0,1,0,0
352,0,0,0,0,1,0,0,1,0,0,0,0,1,0,0,0,0,0,1,0
353,1,1,1,0,0,0,1,0,1,0,0,0,0,0,1,0,0,1,0,1
354,1,0,0,1,0,0,0,1,0,0,0,0,1,0,0,0,0,0,1,0
355,0,1,0,0,0,0,1,0,0,1,0,0,0,0,1,0,0,1,0,1
356,0,1,0,0,1,0,0,1,0,0,0,0,0,0,1,0,1,0,0,1
357,0,0,0,1,0,0,0,1,0,0,0,1,0,0,0,0,1,0,0,0
358,2,1,0,0,0,0,1,0,0,0,1,0,1,0,0,0,1,0,0,1
359,1,0,0,0,0,1,0,1,0,0,0,1,0,0,0,0,0,0,1,1
360,1,0,0,0,0,0,1,0,0,1,0,0,1,0,0,0,1,0,0,0
361,2,1,1,0,1,0,0,0,0,1,0,0,1,0,0,1,0,0,0,0
362,0,1,1,1,0,0,0,0,0,0,1,0,0,0,1,0,0,1,0,1
363,2,1,1,0,0,0,1,0,0,0,1,0,0,0,1,0,0,1,0,0
364,0,1,0,0,0,1,0,0,1,0,0,0,0,0,1,0,0,1,0,1
365,0,1,1,0,0,0,1,0,1,0,0,0,0,1,0,1,0,0,0,1
366,1,0,0,0,0,0,1,0,0,0,1,0,0,0,1,0,0,0,1,0
367,0,0,1,0,0,0,1,0,0,0,1,0,0,1,0,0,1,0,0,1
368,0,1,0,0,1,0,0,0,1,0,0,0,1,0,0,1,0,0,0,1
369,0,1,0,0,0,0,1,0,0,1,0,0,0,1,0,0,0,0,1,1
370,0,1,1,0,0,0,1,0,0,0,1,0,0,0,1,0,0,0,1,1
371,0,1,1,0,0,0,1,0,0,1,0,0,1,0,0,0,0,1,0,0
372,1,1,0,0,1,0,0,1,0,0,0,0,0,1,0,0,0,1,0,0
373,1,1,0,0,0,0,1,1,0,0,0,1,0,0,0,1,0,0,0,0
374,0,1,0,0,0,0,1,0,0,0,1,0,1,0,0,0,0,1,0,1
375,0,0,1,0,0,1,0,0,0,1,0,0,0,1,0,1,0,0,0,0
376,0,1,0,1,0,0,0,0,1,0,0,0,0,1,0,0,0,1,0,0
377,0,1,1,0,1,0,0,0,0,1,0,0,0,1,0,0,1,0,0,0
378,2,1,0,0,0,1,0,0,0,0,1,1,0,0,0,0,0,1,0,0
379,0,0,0,0,0,0,1,0,0,1,0,1,0,0,0,1,0,0,0,0
380,0,1,0,0,0,0,1,0,0,0,1,0,1,0,0,1,0,0,0,1
381,0,1,0,0,0,0,1,0,0,1,0,0,0,1,0,0,1,0,0,0
382,2,1,0,1,0,0,0,1,0,0,0,0,0,0,1,0,1,0,0,0
383,1,1,1,0,0,0,1,0,0,1,0,0,0,0,1,0,0,1,0,0
384,1,0,0,1,0,0,0,1,0,0,0,0,0,0,1,0,0,1,0,0
385,2,1,0,0,1,0,0,0,1,0,0,0,0,0,1,0,0,1,0,0
386,0,0,0,0,0,1,0,0,0,0,1,0,0,0,1,0,0,0,1,1
387,2,1,1,0,0,0,1,0,1,0,0,0,0,1,0,0,0,1,0,0
388,0,1,0,0,1,0,0,0,1,0,0,0,1,0,0,0,0,0,1,0
389,2,1,1,0,0,0,1,0,1,0,0,0,0,0,1,0,0,1,0,0
390,2,0,1,0,1,0,0,1,0,0,0,1,0,0,0,1,0,0,0,0
391,2,1,0,0,0,0,1,0,0,1,0,0,0,1,0,0,0,0,1,1
392,1,1,0,0,0,0,1,0,0,0,1,1,0,0,0,1,0,0,0,1
393,2,0,0,1,0,0,0,1,0,0,0,0,1,0,0,0,0,1,0,0
394,2,1,1,0,1,0,0,0,1,0,0,0,1,0,0,0,0,0,1,0
395,2,0,0,0,1,0,0,1,0,0,0,0,0,0,1,0,0,0,1,0
396,2,0,0,1,0,0,0,0,1,0,0,0,0,0,1,0,0,0,1,0
397,2,1,1,1,0,0,0,1,0,0,0,0,0,1,0,0,1,0,0,0
398,1,0,1,0,0,0,1,0,1,0,0,0,1,0,0,0,0,0,1,0
399,2,1,0,0,0,1,0,0,0,1,0,0,0,0,1,0,0,0,1,0
400,0,1,0,0,1,0,0,0,1,0,0,0,0,0,1,0,0,0,1,0
401,1,0,1,0,1,0,0,1,0,0,0,0,0,0,1,0,0,0,1,0
402,0,1,0,0,1,0,0,1,0,0,0,0,0,0,1,0,0,0,1,0
403,1,1,0,0,0,1,0,1,0,0,0,0,1,0,0,1,0,0,0,0
404,0,1,1,0,1,0,0,0,1,0,0,1,0,0,0,1,0,0,0,1
405,2,1,0,0,1,0,0,0,1,0,0,0,0,0,1,0,0,1,0,0
406,0,1,1,1,0,0,0,1,0,0,0,0,0,0,1,0,0,0,1,0
407,2,0,1,0,0,0,1,0,1,0,0,1,0,0,0,0,0,0,1,0
408,2,0,0,0,0,0,1,0,0,1,0,0,0,0,1,0,0,1,0,0
409,0,1,0,0,0,0,1,0,0,0,1,0,0,1,0,0,1,0,0,1
410,0,1,1,1,0,0,0,0,0,1,0,0,0,0,1,0,0,1,0,0
411,1,1,0,0,0,0,1,0,0,1,0,1,0,0,0,0,0,1,0,0
412,1,0,0,0,0,0,1,0,0,0,1,1,0,0,0,1,0,0,0,1
413,2,0,0,0,0,0,1,0,1,0,0,0,0,1,0,0,0,0,1,0
414,1,0,0,1,0,0,0,0,0,1,0,1,0,0,0,0,0,0,1,0
415,1,1,1,0,1,0,0,1,0,0,0,0,0,0,1,1,0,0,0,0
416,0,1,1,0,0,1,0,0,1,0,0,0,1,0,0,1,0,0,0,0
417,1,0,0,1,0,0,0,1,0,0,0,0,0,0,1,0,0,0,1,0
418,1,1,0,0,0,1,0,0,0,1,0,1,0,0,0,0,0,0,1,1
419,0,1,0,0,1,0,0,0,1,0,0,0,0,0,1,0,1,0,0,1
420,1,0,0,0,0,0,1,0,0,1,0,1,0,0,0,0,0,0,1,1
421,0,0,0,1,0,0,0,0,1,0,0,0,0,1,0,0,0,1,0,0
422,2,1,0,0,0,1,0,0,0,0,1,0,0,0,1,0,0,0,1,1
423,0,1,0,0,0,0,1,0,0,0,1,1,0,0,0,0,0,1,0,1
424,0,1,1,0,0,1,0,0,0,1,0,0,0,1,0,0,0,1,0,1
425,0,1,1,0,0,0,1,0,1,0,0,1,0,0,0,0,0,0,1,1
426,0,0,1,0,1,0,0,0,1,0,0,1,0,0,0,0,0,0,1,0
427,0,1,0,0,0,0,1,0,0,0,1,0,0,1,0,0,1,0,0,1
428,1,0,0,0,0,0,1,0,0,1,0,1,0,0,0,1,0,0,0,0
429,1,1,0,0,1,0,0,1,0,0,0,0,0,1,0,1,0,0,0,1
430,2,1,0,0,0,0,1,0,0,0,1,0,0,1,0,0,1,0,0,0
431,0,1,0,0,0,1,0,0,1,0,0,0,0,1,0,1,0,0,0,1
432,0,1,0,0,1,0,0,1,0,0,0,0,0,1,0,1,0,0,0,0
433,0,0,1,0,0,0,1,0,0,0,1,1,0,0,0,1,0,0,0,1
434,1,1,0,0,0,0,1,0,0,0,1,1,0,0,0,0,0,1,0,0
435,1,1,1,0,0,0,1,0,0,1,0,1,0,0,0,0,1,0,0,0
436,0,0,1,0,1,0,0,0,1,0,0,1,0,0,0,0,1,0,0,1
437,2,0,0,0,1,0,0,0,0,1,0,0,0,1,0,0,0,0,1,0
438,0,1,0,1,0,0,0,1,0,0,0,0,0,1,0,0,1,0,0,1
439,2,1,0,0,1,0,0,0,1,0,0,0,1,0,0,0,0,1,0,0
440,1,0,0,0,1,0,0,0,1,0,0,0,0,1,0,0,1,0,0,0
441,2,1,0,0,0,0,1,0,1,0,0,0,0,1,0,0,0,0,1,0
442,0,1,0,0,0,0,1,0,1,0,0,1,0,0,0,1,0,0,0,1
443,0,0,0,0,0,0,1,0,0,1,0,0,0,1,0,0,0,0,1,0
444,0,1,1,0,0,0,1,0,0,1,0,0,1,0,0,1,0,0,0,1
445,0,0,0,0,1,0,0,1,0,0,0,0,0,1,0,0,1,0,0,1
446,1,1,0,0,0,1,0,1,0,0,0,0,0,1,0,0,1,0,0,0
447,1,1,1,0,0,0,1,0,0,0,1,0,1,0,0,1,0,0,0,0
448,0,0,0,0,1,0,0,0,0,1,0,1,0,0,0,0,1,0,0,1
449,0,1,0,1,0,0,0,1,0,0,0,0,0,0,1,0,1,0,0,1
450,2,1,0,0,1,0,0,0,1,0,0,0,0,0,1,0,1,0,0,0
451,0,1,0,0,1,0,0,0,0,0,1,0,0,1,0,0,0,0,1,1
452,0,1,0,0,0,0,1,0,0,0,1,0,0,1,0,0,0,0,1,0
453,0,1,0,0,1,0,0,1,0,0,0,1,0,0,0,1,0,0,0,1
454,2,1,0,0,1,0,0,0,0,1,0,1,0,0,0,0,0,0,1,0
455,2,0,0,0,0,1,0,0,0,1,0,1,0,0,0,0,0,1,0,0
456,0,1,0,0,1,0,0,1,0,0,0,0,0,0,1,0,0,1,0,1
457,0,0,1,0,0,0,1,0,0,0,1,1,0,0,0,1,0,0,0,0
458,2,0,0,1,0,0,0,1,0,0,0,0,0,0,1,0,0,0,1,0
459,0,0,0,1,0,0,0,1,0,0,0,0,0,1,0,0,0,0,1,0
460,0,1,0,1,0,0,0,1,0,0,0,0,0,1,0,1,0,0,0,1
461,1,1,1,0,0,1,0,1,0,0,0,0,0,0,1,0,0,1,0,0
462,0,0,0,0,0,0,1,0,0,1,0,0,0,0,1,0,0,1,0,0
463,2,1,0,0,0,0,1,0,1,0,0,0,0,1,0,0,0,0,1,0
464,2,1,0,1,0,0,0,1,0,0,0,0,1,0,0,0,0,0,1,0
465,0,1,0,0,0,1,0,0,1,0,0,0,0,0,1,0,0,0,1,1
466,1,0,0,0,0,0,1,0,0,1,0,0,0,1,0,0,1,0,0,0
467,2,1,0,0,0,0,1,0,0,0,1,0,1,0,0,1,0,0,0,0
468,0,1,0,0,0,0,1,0,0,0,1,0,0,0,1,0,1,0,0,1
469,0,1,0,0,0,1,0,1,0,0,0,0,0,1,0,0,1,0,0,0
470,1,0,0,0,0,0,1,0,0,1,0,0,1,0,0,0,0,1,0,0
471,0,0,0,0,0,0,1,0,0,1,0,1,0,0,0,0,0,0,1,1
472,2,1,1,1,0,0,0,0,1,0,0,0,0,1,0,0,0,0,1,0
473,1,0,0,1,0,0,0,1,0,0,0,0,0,0,1,0,0,0,1,1
474,1,1,0,0,0,0,1,0,0,0,1,0,0,1,0,0,1,0,0,0
475,1,0,1,1,0,0,0,0,1,0,0,0,0,0,1,0,0,1,0,0
476,2,1,0,0,0,1,0,0,0,0,1,0,1,0,0,0,1,0,0,0
477,1,1,0,0,0,0,1,0,0,0,1,0,1,0,0,1,0,0,0,0
478,0,1,0,1,0,0,0,1,0,0,0,0,0,1,0,1,0,0,0,1
479,2,1,0,0,0,0,1,0,0,0,1,0,1,0,0,0,1,0,0,0
480,2,0,1,1,0,0,0,1,0,0,0,1,0,0,0,1,0,0,0,0
481,0,1,1,1,0,0,0,0,1,0,0,0,0,1,0,0,1,0,0,1
482,2,1,0,0,0,0,1,0,1,0,0,0,1,0,0,0,0,1,0,0
483,1,1,1,0,1,0,0,0,0,1,0,1,0,0,0,0,1,0,0,0
484,0,1,0,0,1,0,0,0,1,0,0,1,0,0,0,0,0,1,0,1
485,0,0,1,0,0,0,1,0,0,1,0,1,0,0,0,1,0,0,0,0
486,1,1,0,0,0,1,0,0,1,0,0,0,1,0,0,0,0,0,1,0
487,0,0,0,0,0,0,1,0,0,0,1,1,0,0,0,1,0,0,0,0
488,0,0,0,0,0,0,1,0,0,0,1,1,0,0,0,0,1,0,0,0
489,2,1,1,0,0,0,1,0,0,1,0,0,0,1,0,0,0,1,0,0
490,0,1,1,0,0,1,0,0,1,0,0,0,0,1,0,1,0,0,0,1
491,1,1,0,1,0,0,0,1,0,0,0,0,1,0,0,1,0,0,0,0
492,2,1,0,0,0,0,1,0,0,0,1,1,0,0,0,0,0,1,0,0
493,1,0,0,0,0,1,0,0,0,0,1,0,0,1,0,0,1,0,0,0
494,2,0,0,0,1,0,0,0,1,0,0,0,0,1,0,0,0,0,1,1
495,0,0,1,0,1,0,0,1,0,0,0,0,0,0,1,0,0,1,0,0
496,2,1,1,0,0,0,1,0,0,0,1,0,0,0,1,0,0,1,0,0
497,1,1,0,0,0,0,1,0,0,1,0,0,0,0,1,0,1,0,0,0
498,2,1,1,0,0,0,1,0,0,1,0,0,1,0,0,1,0,0,0,0
499,2,1,0,0,0,0,1,0,0,0,1,0,0,1,0,1,0,0,0,1
500,2,1,0,0,0,0,1,0,0,0,1,1,0,0,0,0,1,0,0,0
501,1,0,0,1,0,0,0,0,1,0,0,0,1,0,0,1,0,0,0,1
502,0,0,0,0,1,0,0,0,0,1,0,0,0,1,0,0,1,0,0,0
503,1,0,0,1,0,0,0,1,0,0,0,0,1,0,0,1,0,0,0,0
504,0,1,1,0,0,1,0,0,0,0,1,0,0,0,1,0,0,1,0,0
505,0,0,0,0,1,0,0,0,0,1,0,0,1,0,0,0,1,0,0,0
506,1,1,0,1,0,0,0,0,0,1,0,0,0,1,0,0,0,0,1,0
507,1,1,1,0,1,0,0,1,0,0,0,0,0,1,0,0,1,0,0,0
508,0,1,0,0,0,0,1,0,1,0,0,0,0,0,1,0,1,0,0,1
509,1,1,0,0,0,1,0,0,1,0,0,0,0,1,0,1,0,0,0,1
510,0,1,1,0,0,0,1,0,0,0,1,0,0,1,0,0,0,0,1,1
511,1,1,0,0,1,0,0,0,0,1,0,0,0,1,0,0,0,0,1,0
512,1,1,1,0,0,1,0,0,0,0,1,0,1,0,0,0,1,0,0,1
513,2,1,0,1,0,0,0,0,0,1,0,0,0,1,0,0,0,0,1,0
514,1,0,1,0,1,0,0,0,0,0,1,0,0,1,0,0,0,0,1,0
515,0,1,1,0,1,0,0,0,0,1,0,0,1,0,0,1,0,0,0,1
516,0,1,0,1,0,0,0,0,1,0,0,0,0,0,1,0,1,0,0,1
517,1,1,1,0,0,0,1,0,1,0,0,0,0,1,0,0,1,0,0,0
518,0,0,0,0,1,0,0,1,0,0,0,1,0,0,0,1,0,0,0,1
519,2,1,0,0,0,0,1,0,0,0,1,0,0,1,0,0,1,0,0,0
520,0,1,1,0,0,0,1,0,0,1,0,1,0,0,0,1,0,0,0,1
521,0,1,0,1,0,0,0,1,0,0,0,0,0,1,0,0,0,1,0,1
522,0,0,1,0,0,0,1,0,1,0,0,0,0,1,0,0,1,0,0,0
523,0,1,1,0,0,0,1,0,1,0,0,0,0,1,0,0,0,0,1,1
524,0,1,0,0,0,1,0,0,0,1,0,1,0,0,0,1,0,0,0,1
525,0,1,0,1,0,0,0,0,0,1,0,0,1,0,0,0,0,0,1,1
526,1,1,0,0,0,1,0,0,1,0,0,1,0,0,0,0,1,0,0,0
527,2,1,0,0,0,0,1,0,0,1,0,0,0,0,1,0,0,1,0,0
528,2,0,0,1,0,0,0,1,0,0,0,1,0,0,0,0,0,0,1,0
529,2,1,1,0,1,0,0,0,1,0,0,0,1,0,0,0,0,0,1,0
530,1,0,1,0,1,0,0,1,0,0,0,0,0,1,0,1,0,0,0,0
531,0,1,1,0,0,1,0,0,1,0,0,0,1,0,0,0,1,0,0,1
532,1,1,0,0,0,1,0,0,0,1,0,0,0,1,0,1,0,0,0,1
533,0,1,1,0,1,0,0,0,1,0,0,0,0,0,1,0,0,1,0,1
534,2,1,0,0,0,0,1,0,0,1,0,0,1,0,0,0,0,1,0,0
535,0,1,0,0,0,1,0,1,0,0,0,0,0,0,1,0,0,1,0,0
536,0,1,0,0,0,0,1,0,0,1,0,0,1,0,0,1,0,0,0,1
537,1,1,1,0,1,0,0,0,0,1,0,0,1,0,0,0,0,0,1,1
538,0,1,0,0,0,0,1,1,0,0,0,1,0,0,0,0,0,0,1,1
539,1,1,1,0,0,0,1,0,0,0,1,0,0,1,0,0,1,0,0,1
540,1,1,0,0,0,0,1,0,0,1,0,0,1,0,0,1,0,0,0,1
541,0,1,0,0,0,1,0,0,0,0,1,0,0,0,1,0,0,1,0,1
542,1,1,1,0,1,0,0,1,0,0,0,0,1,0,0,1,0,0,0,0
543,0,0,0,1,0,0,0,1,0,0,0,0,0,0,1,0,1,0,0,0
544,1,1,1,0,0,0,1,0,0,0,1,0,0,0,1,0,0,0,1,1
545,0,1,0,0,0,0,1,0,1,0,0,0,1,0,0,0,1,0,0,1
546,0,1,1,0,0,0,1,0,0,1,0,0,0,0,1,0,0,1,0,1
547,0,1,1,0,0,0,1,0,1,0,0,0,1,0,0,1,0,0,0,1
548,1,1,0,1,0,0,0,1,0,0,0,1,0,0,0,0,0,1,0,0
549,0,1,0,0,1,0,0,0,1,0,0,0,0,0,1,0,0,1,0,0
550,2,1,0,0,0,1,0,0,0,1,0,1,0,0,0,1,0,0,0,1
551,0,1,0,0,0,1,0,0,1,0,0,0,0,1,0,0,1,0,0,0
552,1,1,1,1,0,0,0,0,0,1,0,0,1,0,0,0,1,0,0,0
553,1,1,0,0,0,1,0,1,0,0,0,0,0,0,1,0,0,1,0,0
554,2,1,0,0,0,1,0,0,1,0,0,0,0,0,1,0,0,1,0,0
555,2,1,0,0,0,0,1,0,0,1,0,0,0,0,1,0,0,1,0,0
556,2,1,0,0,1,0,0,1,0,0,0,0,0,1,0,0,1,0,0,0
557,1,1,0,0,0,0,1,0,1,0,0,0,0,1,0,0,0,1,0,0
558,2,1,0,0,0,0,1,0,0,0,1,0,1,0,0,0,1,0,0,0
559,2,1,0,0,0,0,1,0,1,0,0,1,0,0,0,1,0,0,0,0
560,0,1,0,0,1,0,0,0,1,0,0,0,0,0,1,0,0,1,0,0
561,0,1,0,0,0,0,1,0,0,0,1,0,0,1,0,0,1,0,0,1
562,0,1,1,0,0,0,1,0,1,0,0,0,0,0,1,0,0,0,1,1
563,0,0,0,0,0,0,1,0,0,1,0,0,0,1,0,0,0,1,0,0
564,0,1,1,0,0,0,1,0,1,0,0,1,0,0,0,0,1,0,0,0
565,2,1,0,0,0,0,1,1,0,0,0,0,1,0,0,0,1,0,0,1
566,2,1,0,0,1,0,0,1,0,0,0,0,0,0,1,0,0,0,1,0
567,0,1,0,0,0,0,1,1,0,0,0,0,1,0,0,0,0,0,1,1
568,1,0,0,0,0,1,0,0,1,0,0,0,0,0,1,0,0,0,1,0
569,0,1,0,0,0,1,0,0,0,1,0,0,1,0,0,0,0,1,0,1
570,1,0,1,0,0,0,1,1,0,0,0,0,0,0,1,0,0,1,0,0
571,0,0,1,0,0,0,1,0,0,1,0,0,0,0,1,0,0,1,0,1
572,2,0,0,1,0,0,0,0,1,0,0,0,0,1,0,1,0,0,0,0
573,1,0,1,0,1,0,0,0,0,1,0,0,1,0,0,1,0,0,0,0
574,2,1,0,0,0,0,1,0,1,0,0,0,1,0,0,0,0,0,1,0
575,0,0,0,1,0,0,0,1,0,0,0,0,0,0,1,0,0,0,1,1
576,0,1,0,0,0,0,1,0,0,1,0,0,0,1,0,0,0,1,0,0
577,1,1,0,0,1,0,0,0,1,0,0,0,0,1,0,0,0,0,1,0
578,0,1,1,0,1,0,0,0,1,0,0,0,0,0,1,0,1,0,0,0
579,2,0,0,0,0,0,1,0,0,0,1,0,0,0,1,0,0,1,0,0
580,1,1,0,0,0,0,1,0,0,0,1,0,1,0,0,0,0,1,0,1
581,0,1,0,0,0,0,1,0,1,0,0,0,0,0,1,0,0,1,0,1
582,2,1,0,0,1,0,0,1,0,0,0,0,0,0,1,0,0,1,0,0
583,1,0,1,1,0,0,0,1,0,0,0,0,0,0,1,0,0,1,0,0
584,2,1,0,0,0,0,1,0,0,0,1,1,0,0,0,0,0,1,0,0
585,2,0,0,0,0,1,0,0,0,0,1,0,0,0,1,0,0,0,1,0
586,0,1,0,0,1,0,0,1,0,0,0,0,1,0,0,1,0,0,0,0
587,1,1,0,0,1,0,0,0,1,0,0,1,0,0,0,0,1,0,0,0
588,0,0,0,0,1,0,0,1,0,0,0,0,0,1,0,0,0,0,1,0
589,0,1,0,0,0,0,1,0,1,0,0,1,0,0,0,0,0,0,1,1
590,1,1,0,0,0,0,1,0,0,0,1,0,0,0,1,0,0,1,0,0
591,1,1,0,1,0,0,0,0,0,1,0,0,0,1,0,0,0,1,0,1
592,1,0,0,0,0,1,0,0,0,0,1,0,1,0,0,0,0,1,0,0
593,0,1,1,1,0,0,0,0,1,0,0,0,0,0,1,0,1,0,0,1
594,0,1,0,0,1,0,0,0,0,1,0,0,1,0,0,0,0,1,0,1
595,2,1,0,0,1,0,0,0,0,1,0,0,0,0,1,0,1,0,0,0
596,2,0,0,0,0,0,1,0,0,1,0,1,0,0,0,1,0,0,0,0
597,2,1,0,0,0,1,0,1,0,0,0,0,1,0,0,0,1,0,0,0
598,0,1,0,1,0,0,0,1,0,0,0,0,1,0,0,0,0,0,1,0
599,0,1,0,0,0,0,1,0,0,1,0,0,0,0,1,0,0,1,0,1
600,0,1,0,1,0,0,0,1,0,0,0,0,1,0,0,0,0,1,0,1
601,0,1,0,1,0,0,0,1,0,0,0,0,0,0,1,0,0,0,1,1
602,0,0,0,0,0,0,1,0,0,1,0,1,0,0,0,1,0,0,0,0
603,0,1,0,0,0,1,0,1,0,0,0,0,0,1,0,1,0,0,0,1
604,1,1,0,0,1,0,0,1,0,0,0,0,0,0,1,0,1,0,0,0
605,2,1,0,0,0,1,0,0,0,1,0,1,0,0,0,0,0,0,1,0
606,2,1,0,0,0,0,1,0,1,0,0,1,0,0,0,0,1,0,0,0
607,0,1,0,0,1,0,0,1,0,0,0,0,0,1,0,0,0,1,0,0
608,1,1,0,0,1,0,0,0,0,0,1,0,0,0,1,0,0,1,0,0
609,0,1,0,0,0,1,0,1,0,0,0,1,0,0,0,1,0,0,0,1
610,1,1,0,1,0,0,0,0,1,0,0,0,0,1,0,1,0,0,0,0
611,2,1,0,0,0,0,1,0,0,0,1,0,1,0,0,0,1,0,0,0
612,1,0,0,0,0,0,1,0,0,0,1,0,1,0,0,0,0,1,0,0
613,0,1,1,1,0,0,0,1,0,0,0,0,1,0,0,0,0,0,1,0
614,0,0,0,0,0,0,1,0,0,0,1,0,0,1,0,0,1,0,0,0
615,2,0,0,0,0,1,0,0,0,1,0,0,0,1,0,0,0,1,0,1
616,0,1,0,0,1,0,0,0,1,0,0,0,0,1,0,1,0,0,0,0
617,1,1,0,0,0,0,1,0,0,0,1,1,0,0,0,1,0,0,0,0
618,0,1,0,0,0,0,1,0,0,1,0,0,0,1,0,0,1,0,0,0
619,0,1,0,1,0,0,0,0,1,0,0,0,1,0,0,0,1,0,0,0
620,0,1,0,0,0,0,1,0,0,1,0,0,0,0,1,0,0,0,1,0
621,1,1,0,0,0,1,0,0,0,1,0,0,1,0,0,0,0,0,1,0
622,2,1,1,0,1,0,0,0,1,0,0,0,1,0,0,0,0,1,0,0
623,1,0,0,0,0,1,0,0,0,0,1,0,0,1,0,0,0,1,0,0
624,0,1,0,1,0,0,0,0,0,1,0,1,0,0,0,0,1,0,0,1
625,2,0,0,0,1,0,0,0,0,0,1,0,0,0,1,0,0,1,0,0
626,1,1,0,0,0,1,0,0,1,0,0,0,1,0,0,0,1,0,0,0
627,2,0,0,0,0,1,0,0,0,1,0,0,1,0,0,1,0,0,0,0
628,0,1,1,1,0,0,0,1,0,0,0,1,0,0,0,1,0,0,0,1
629,2,0,0,0,0,0,1,0,0,0,1,0,1,0,0,0,0,0,1,0
630,0,1,0,0,0,1,0,0,1,0,0,0,0,1,0,0,0,1,0,1
631,2,1,0,0,0,0,1,0,0,1,0,0,0,0,1,0,0,0,1,0
632,2,1,1,0,1,0,0,1,0,0,0,1,0,0,0,0,0,1,0,0
633,1,1,1,0,0,0,1,0,0,0,1,0,0,1,0,0,0,0,1,1
634,2,1,0,0,1,0,0,0,0,1,0,1,0,0,0,0,0,0,1,0
635,0,1,1,1,0,0,0,0,0,1,0,0,0,1,0,0,0,1,0,1
636,0,0,0,0,1,0,0,1,0,0,0,0,0,1,0,1,0,0,0,0
637,0,0,0,1,0,0,0,1,0,0,0,0,0,0,1,0,1,0,0,1
638,1,1,0,0,0,0,1,0,0,0,1,0,0,0,1,0,0,1,0,0
639,1,1,0,0,0,0,1,1,0,0,0,0,0,1,0,0,1,0,0,0
640,0,1,1,0,1,0,0,1,0,0,0,0,1,0,0,1,0,0,0,0
641,0,1,0,0,0,1,0,0,0,1,0,0,0,0,1,0,0,1,0,0
642,0,0,0,0,0,1,0,0,0,0,1,0,1,0,0,0,0,1,0,0
643,0,1,0,0,0,0,1,0,0,0,1,0,0,0,1,0,0,0,1,1
644,2,0,1,1,0,0,0,0,1,0,0,0,0,0,1,0,0,1,0,0
645,2,1,0,0,0,0,1,0,1,0,0,0,0,1,0,0,0,1,0,0
646,2,1,0,0,1,0,0,1,0,0,0,0,0,0,1,0,0,1,0,0
647,2,1,1,0,0,0,1,0,0,1,0,0,1,0,0,0,0,1,0,0
648,2,1,1,0,0,0,1,0,0,0,1,0,0,0,1,0,1,0,0,0
649,2,1,0,0,0,1,0,1,0,0,0,1,0,0,0,1,0,0,0,1
650,0,1,0,0,0,0,1,0,0,0,1,0,0,0,1,0,0,1,0,1
651,2,0,0,0,0,1,0,0,0,1,0,1,0,0,0,0,0,0,1,1
652,2,0,0,0,1,0,0,1,0,0,0,0,0,1,0,1,0,0,0,0
653,0,1,1,0,0,0,1,0,0,0,1,1,0,0,0,0,1,0,0,0
654,1,1,1,0,0,1,0,1,0,0,0,0,1,0,0,0,1,0,0,0
655,0,1,0,0,0,0,1,0,0,1,0,1,0,0,0,0,0,0,1,0
656,2,1,0,1,0,0,0,1,0,0,0,0,0,1,0,0,0,0,1,0
657,1,0,0,0,1,0,0,0,0,1,0,0,0,0,1,0,1,0,0,0
658,1,0,0,0,0,0,1,0,0,0,1,0,0,1,0,0,1,0,0,0
659,1,0,1,0,1,0,0,0,1,0,0,1,0,0,0,0,0,0,1,0
660,1,0,0,0,0,0,1,0,0,0,1,1,0,0,0,0,0,1,0,1
661,2,0,1,0,1,0,0,1,0,0,0,0,1,0,0,1,0,0,0,0
662,1,0,0,0,1,0,0,1,0,0,0,0,0,0,1,0,0,0,1,0
663,1,1,1,0,0,1,0,1,0,0,0,0,1,0,0,0,1,0,0,0
664,0,0,0,0,0,0,1,0,0,1,0,1,0,0,0,0,0,1,0,0
665,2,0,1,0,0,0,1,0,0,0,1,0,0,1,0,0,0,0,1,0
666,0,0,1,0,0,0,1,0,0,0,1,0,0,1,0,0,0,1,0,1
667,2,0,0,0,1,0,0,0,1,0,0,0,0,0,1,0,1,0,0,0
668,2,1,0,0,0,0,1,0,0,0,1,1,0,0,0,0,0,0,1,1
669,0,0,0,0,0,1,0,0,1,0,0,0,1,0,0,0,0,1,0,1
670,1,1,0,0,0,0,1,0,1,0,0,0,0,1,0,0,0,0,1,0
671,1,1,0,0,0,1,0,1,0,0,0,0,0,1,0,1,0,0,0,0
672,1,1,0,0,0,1,0,0,0,0,1,0,0,0,1,0,1,0,0,1
673,0,1,0,0,1,0,0,0,1,0,0,0,0,0,1,0,1,0,0,1
674,0,1,0,0,0,1,0,0,0,1,0,0,1,0,0,0,1,0,0,0
675,0,0,0,0,1,0,0,0,0,1,0,0,0,0,1,0,0,0,1,0
676,2,1,1,0,1,0,0,1,0,0,0,0,0,1,0,0,0,0,1,0
677,0,1,1,0,1,0,0,1,0,0,0,0,0,0,1,0,0,0,1,1
678,0,0,0,0,0,0,1,0,0,1,0,0,0,1,0,0,0,0,1,0
679,1,0,0,1,0,0,0,0,0,0,1,1,0,0,0,0,0,0,1,0
680,2,1,1,1,0,0,0,0,1,0,0,0,0,1,0,1,0,0,0,0
681,0,0,0,1,0,0,0,0,0,1,0,0,0,0,1,0,0,1,0,1
682,2,0,0,0,1,0,0,1,0,0,0,0,0,0,1,0,0,0,1,1
683,0,0,1,1,0,0,0,0,1,0,0,1,0,0,0,0,0,0,1,1
684,2,1,0,0,0,1,0,0,0,1,0,0,1,0,0,0,1,0,0,1
685,2,1,0,0,0,0,1,0,0,0,1,0,0,1,0,0,1,0,0,0
686,2,1,0,0,0,0,1,0,0,0,1,0,1,0,0,1,0,0,0,0
687,2,1,0,1,0,0,0,1,0,0,0,0,1,0,0,1,0,0,0,0
688,2,1,0,0,1,0,0,1,0,0,0,0,0,1,0,0,0,1,0,0
689,0,1,0,0,0,0,1,0,0,1,0,1,0,0,0,1,0,0,0,0
690,1,0,1,0,0,0,1,0,0,0,1,0,0,1,0,0,0,1,0,0
691,0,1,0,0,0,1,0,0,0,1,0,0,1,0,0,0,0,0,1,1
692,0,1,0,0,0,0,1,0,0,0,1,0,0,0,1,0,1,0,0,1
693,1,0,1,0,1,0,0,1,0,0,0,0,0,0,1,0,0,0,1,0
694,2,1,0,0,0,0,1,0,0,1,0,0,0,1,0,0,1,0,0,0
695,0,1,0,0,0,0,1,0,0,1,0,0,0,0,1,0,0,1,0,1
696,2,1,1,0,1,0,0,0,1,0,0,0,1,0,0,0,1,0,0,0
697,0,1,0,0,1,0,0,1,0,0,0,1,0,0,0,1,0,0,0,1
698,0,0,0,0,0,0,1,1,0,0,0,0,0,0,1,0,0,0,1,1
699,2,0,0,0,0,0,1,0,0,0,1,0,0,1,0,1,0,0,0,0
700,0,1,0,0,0,1,0,1,0,0,0,1,0,0,0,1,0,0,0,1
701,0,1,0,0,0,1,0,0,1,0,0,0,0,1,0,1,0,0,0,1
702,0,1,1,1,0,0,0,0,1,0,0,0,0,1,0,0,1,0,0,1
703,1,0,0,0,0,0,1,0,0,0,1,1,0,0,0,1,0,0,0,1
704,0,0,1,0,0,0,1,0,0,0,1,0,0,1,0,0,0,1,0,1
705,0,1,0,0,1,0,0,0,1,0,0,0,1,0,0,0,1,0,0,1
706,0,1,0,1,0,0,0,1,0,0,0,0,0,1,0,1,0,0,0,1
707,1,1,0,0,1,0,0,0,1,0,0,0,0,1,0,0,0,1,0,1
708,1,1,1,0,0,0,1,0,1,0,0,0,0,1,0,0,1,0,0,1
709,0,1,0,0,0,1,0,0,0,0,1,0,0,0,1,0,0,1,0,1
710,1,1,1,0,0,0,1,0,0,0,1,0,0,1,0,0,1,0,0,1
711,0,0,1,0,0,0,1,0,0,1,0,0,1,0,0,1,0,0,0,1
712,1,1,0,1,0,0,0,0,0,1,0,0,0,1,0,0,0,1,0,1
713,0,0,0,0,1,0,0,0,1,0,0,1,0,0,0,0,1,0,0,1
714,0,0,0,0,0,0,1,1,0,0,0,0,0,0,1,0,0,0,1,1
715,0,1,1,0,0,0,1,0,0,0,1,0,1,0,0,1,0,0,0,1
716,1,1,0,0,0,0,1,0,0,0,1,1,0,0,0,1,0,0,0,1
717,0,0,0,0,0,0,1,1,0,0,0,0,1,0,0,0,1,0,0,1
718,0,1,0,0,1,0,0,1,0,0,0,0,0,0,1,0,0,1,0,1
719,0,1,0,0,0,0,1,0,0,0,1,1,0,0,0,0,0,0,1,1
720,0,1,1,0,0,0,1,0,1,0,0,1,0,0,0,0,0,0,1,1
721,0,1,1,0,0,0,1,0,0,0,1,0,0,1,0,1,0,0,0,1
722,0,1,0,0,0,0,1,0,0,0,1,0,0,0,1,0,1,0,0,1
723,0,1,1,0,0,0,1,0,0,0,1,0,1,0,0,0,0,0,1,1
724,0,0,1,0,0,0,1,0,0,0,1,0,0,1,0,0,0,1,0,1
725,0,1,1,1,0,0,0,0,1,0,0,1,0,0,0,1,0,0,0,1
726,0,1,0,0,0,0,1,1,0,0,0,0,1,0,0,0,0,0,1,1
727,0,1,0,0,0,1,0,0,1,0,0,0,0,0,1,0,0,0,1,1
728,0,1,1,0,1,0,0,0,1,0,0,0,1,0,0,1,0,0,0,1
729,0,0,0,0,1,0,0,1,0,0,0,1,0,0,0,1,0,0,0,1
730,0,1,1,0,0,1,0,0,0,1,0,0,0,0,1,0,1,0,0,1
731,0,1,1,0,1,0,0,0,0,1,0,0,1,0,0,1,0,0,0,1
732,2,1,1,0,0,0,1,0,0,1,0,1,0,0,0,1,0,0,0,1
733,0,1,0,0,1,0,0,1,0,0,0,0,0,0,1,0,1,0,0,1
734,1,0,0,0,0,1,0,1,0,0,0,1,0,0,0,0,0,0,1,1
735,2,1,0,1,0,0,0,1,0,0,0,0,0,0,1,0,0,0,1,1
736,0,1,0,1,0,0,0,0,1,0,0,0,0,0,1,0,1,0,0,1
737,1,1,1,0,0,0,1,0,1,0,0,0,0,0,1,0,0,0,1,1
738,0,1,0,1,0,0,0,1,0,0,0,0,0,0,1,0,1,0,0,1
739,1,1,1,0,1,0,0,0,0,1,0,0,1,0,0,0,0,0,1,1
740,0,1,0,0,0,1,0,0,1,0,0,0,0,1,0,0,0,1,0,1
741,0,1,0,0,1,0,0,1,0,0,0,0,0,0,1,0,1,0,0,1
742,1,1,0,0,0,0,1,1,0,0,0,1,0,0,0,1,0,0,0,1
743,0,1,0,0,0,0,1,0,0,0,1,0,0,0,1,0,1,0,0,1
744,1,0,1,0,0,0,1,0,0,0,1,0,0,0,1,0,0,1,0,1
745,0,1,0,0,1,0,0,1,0,0,0,1,0,0,0,1,0,0,0,1
746,0,1,0,0,0,0,1,0,0,0,1,0,0,1,0,0,0,1,0,1
747,0,1,0,0,0,0,1,0,0,0,1,1,0,0,0,0,0,1,0,1
748,0,1,0,0,1,0,0,0,0,0,1,0,0,1,0,0,0,0,1,1
749,0,1,1,0,0,1,0,0,0,1,0,0,0,0,1,0,0,1,0,1
750,1,1,0,0,0,0,1,0,0,0,1,0,1,0,0,1,0,0,0,1
751,1,1,1,0,0,0,1,0,1,0,0,0,0,0,1,0,0,0,1,1
752,1,1,0,0,0,0,1,0,0,0,1,0,0,0,1,0,0,0,1,1
753,2,1,1,0,1,0,0,0,0,0,1,0,0,1,0,1,0,0,0,1
754,1,0,0,1,0,0,0,0,1,0,0,0,1,0,0,1,0,0,0,1
755,0,1,0,0,0,0,1,0,0,0,1,0,0,0,1,0,1,0,0,1
756,0,1,1,0,0,0,1,0,0,1,0,0,1,0,0,1,0,0,0,1
757,0,1,0,0,0,0,1,1,0,0,0,1,0,0,0,0,0,0,1,1
758,1,1,1,0,1,0,0,1,0,0,0,0,0,0,1,0,0,1,0,1
759,0,1,1,0,0,0,1,0,1,0,0,0,0,0,1,0,0,0,1,1
760,0,1,1,0,0,1,0,0,0,1,0,0,1,0,0,1,0,0,0,1
761,2,1,0,0,0,0,1,1,0,0,0,0,1,0,0,0,1,0,0,1
762,1,0,1,1,0,0,0,1,0,0,0,0,0,0,1,0,0,1,0,1
763,1,0,1,0,0,0,1,0,0,0,1,0,0,0,1,0,0,1,0,1
764,0,0,1,0,0,0,1,0,0,1,0,0,0,0,1,0,0,1,0,1
765,0,0,0,1,0,0,0,1,0,0,0,0,0,0,1,0,0,0,1,1
766,0,1,0,0,0,1,0,0,1,0,0,0,0,1,0,1,0,0,0,1
767,2,1,0,0,0,1,0,0,0,1,0,0,1,0,0,0,1,0,0,1
768,0,1,0,0,0,1,0,0,0,1,0,0,1,0,0,0,0,1,0,1
769,0,1,1,1,0,0,0,0,1,0,0,1,0,0,0,1,0,0,0,1
770,1,1,1,0,1,0,0,0,0,1,0,1,0,0,0,0,0,0,1,1
771,0,1,1,0,0,0,1,1,0,0,0,1,0,0,0,1,0,0,0,1
772,0,1,0,1,0,0,0,1,0,0,0,0,0,1,0,1,0,0,0,1
773,0,1,0,0,0,0,1,0,0,0,1,0,0,1,0,0,1,0,0,1
774,0,1,1,0,0,0,1,0,1,0,0,0,0,0,1,0,0,0,1,1
775,2,0,0,1,0,0,0,1,0,0,0,0,0,0,1,0,0,0,1,1
776,0,1,0,0,0,0,1,0,0,1,0,1,0,0,0,0,1,0,0,1
777,0,0,0,0,1,0,0,0,1,0,0,1,0,0,0,0,1,0,0,1
778,1,0,0,1,0,0,0,1,0,0,0,0,0,0,1,0,0,0,1,1
779,0,1,1,0,1,0,0,0,1,0,0,0,0,0,1,0,0,1,0,1
780,0,1,0,0,0,1,0,0,1,0,0,0,0,1,0,0,0,1,0,1
781,0,1,0,0,0,1,0,0,0,1,0,0,0,1,0,0,0,1,0,1
782,0,1,1,0,0,0,1,0,0,0,1,0,1,0,0,1,0,0,0,1
783,1,1,0,0,1,0,0,0,1,0,0,0,0,1,0,0,0,1,0,1
784,0,1,0,0,0,0,1,0,0,0,1,0,0,1,0,0,1,0,0,1
785,0,1,1,0,0,0,1,0,1,0,0,0,0,1,0,0,0,0,1,1
786,0,1,0,0,0,0,1,1,0,0,0,0,1,0,0,0,1,0,0,1
787,2,0,0,0,0,1,0,0,0,1,0,1,0,0,0,0,0,0,1,1
788,2,0,0,0,1,0,0,0,1,0,0,0,0,1,0,0,0,0,1,1
789,1,1,1,0,0,0,1,0,0,0,1,0,0,1,0,0,0,0,1,1
790,1,1,0,0,0,0,1,0,0,0,1,0,1,0,0,1,0,0,0,1
791,0,1,0,0,0,1,0,0,0,1,0,0,1,0,0,0,0,0,1,1
792,1,1,0,0,0,0,1,0,0,0,1,0,0,0,1,0,1,0,0,1
793,0,1,0,0,0,1,0,0,1,0,0,0,0,1,0,1,0,0,0,1
794,0,1,0,0,0,1,0,1,0,0,0,0,0,1,0,1,0,0,0,1
795,0,1,1,1,0,0,0,0,1,0,0,0,0,1,0,1,0,0,0,1
796,1,1,0,0,0,1,0,0,0,1,0,1,0,0,0,0,0,0,1,1
797,0,1,0,0,0,0,1,0,0,1,0,0,0,0,1,0,0,1,0,1
798,1,1,0,0,0,1,0,0,1,0,0,0,0,1,0,1,0,0,0,1
799,1,1,1,0,0,0,1,0,1,0,0,0,0,0,1,0,0,0,1,1
800,2,1,0,0,0,0,1,0,0,0,1,1,0,0,0,0,0,0,1,1
801,1,1,1,0,0,1,0,0,0,0,1,0,1,0,0,0,1,0,0,1
802,0,1,0,1,0,0,0,1,0,0,0,0,0,0,1,0,1,0,0,1
803,1,0,0,0,0,1,0,1,0,0,0,1,0,0,0,0,0,0,1,1
804,0,1,0,0,0,0,1,0,0,0,1,0,0,1,0,0,0,1,0,1
805,0,1,0,0,0,0,1,0,0,0,1,0,0,0,1,0,0,0,1,1
806,1,0,0,0,0,0,1,0,0,1,0,1,0,0,0,0,0,0,1,1
807,0,0,1,0,0,0,1,0,0,0,1,1,0,0,0,1,0,0,0,1
808,0,1,0,0,1,0,0,0,0,1,0,0,1,0,0,0,0,1,0,1
809,1,0,0,0,0,0,1,0,0,1,0,0,0,1,0,0,1,0,0,1
810,2,1,0,1,0,0,0,0,1,0,0,0,0,1,0,0,0,1,0,1
811,0,1,0,0,0,0,1,0,1,0,0,0,0,0,1,0,1,0,0,1
812,2,0,0,0,0,0,1,0,0,0,1,1,0,0,0,1,0,0,0,1
813,0,1,0,0,0,0,1,0,0,1,0,0,0,0,1,0,0,1,0,1
814,0,0,1,0,0,1,0,0,1,0,0,0,1,0,0,0,0,1,0,1
815,0,0,1,0,0,1,0,0,1,0,0,0,1,0,0,0,0,1,0,1
816,1,0,1,1,0,0,0,1,0,0,0,0,0,0,1,0,0,1,0,1
817,0,1,0,0,0,0,1,0,0,0,1,0,0,0,1,0,1,0,0,1
818,2,1,0,0,0,0,1,0,0,0,1,0,0,1,0,1,0,0,0,1
819,0,1,1,0,0,0,1,0,1,0,0,0,0,0,1,0,0,1,0,1
820,1,1,0,1,0,0,0,0,0,1,0,0,0,1,0,0,0,1,0,1
821,2,0,0,0,0,0,1,0,0,0,1,1,0,0,0,1,0,0,0,1
822,2,1,1,0,1,0,0,0,0,0,1,0,0,1,0,1,0,0,0,1
823,0,1,0,0,0,0,1,0,1,0,0,0,1,0,0,0,1,0,0,1
824,0,1,0,0,1,0,0,0,1,0,0,0,1,0,0,1,0,0,0,1
825,0,1,0,0,0,0,1,1,0,0,0,0,1,0,0,0,1,0,0,1
826,2,1,0,0,0,1,0,0,0,0,1,0,1,0,0,0,0,0,1,1
827,0,1,1,0,0,0,1,0,0,1,0,0,1,0,0,1,0,0,0,1
828,0,1,0,0,0,0,1,0,0,1,0,0,0,0,1,0,0,0,1,1
829,1,0,0,0,0,1,0,1,0,0,0,1,0,0,0,0,0,0,1,1
830,0,1,0,0,0,0,1,0,0,0,1,0,0,1,0,0,0,1,0,1
831,0,1,0,1,0,0,0,1,0,0,0,0,1,0,0,0,0,1,0,1
832,0,1,0,0,0,0,1,0,0,0,1,0,0,0,1,0,0,1,0,1
833,1,1,0,0,0,1,0,0,1,0,0,0,0,0,1,0,0,1,0,1
834,0,1,1,1,0,0,0,0,1,0,0,0,0,1,0,1,0,0,0,1
835,0,1,0,0,0,0,1,0,0,0,1,0,0,1,0,0,0,1,0,1
836,0,1,0,0,0,0,1,1,0,0,0,0,1,0,0,0,1,0,0,1
837,1,1,0,0,0,1,0,0,0,1,0,0,0,1,0,1,0,0,0,1
838,0,1,1,0,0,0,1,0,0,1,0,0,0,0,1,1,0,0,0,1
839,0,1,0,0,0,0,1,0,0,1,0,0,0,0,1,0,0,0,1,1
840,1,1,1,0,0,0,1,0,0,0,1,0,0,1,0,0,1,0,0,1
841,0,1,1,1,0,0,0,0,1,0,0,0,0,1,0,1,0,0,0,1
842,0,1,0,0,1,0,0,0,1,0,0,0,1,0,0,0,1,0,0,1
843,0,1,0,0,0,0,1,0,0,0,1,1,0,0,0,1,0,0,0,1
844,0,1,0,0,0,0,1,0,1,0,0,0,0,0,1,0,1,0,0,1
845,2,1,0,0,0,0,1,0,0,1,0,0,0,1,0,1,0,0,0,1
846,0,1,1,0,0,0,1,0,1,0,0,0,0,1,0,0,0,0,1,1
847,0,1,0,0,0,0,1,0,0,0,1,1,0,0,0,0,0,1,0,1
848,0,0,0,0,0,0,1,1,0,0,0,0,0,0,1,0,0,0,1,1
849,0,1,0,0,0,1,0,0,1,0,0,0,0,1,0,1,0,0,0,1
850,0,1,1,0,0,0,1,0,1,0,0,0,0,0,1,0,0,1,0,1
851,0,1,0,0,1,0,0,1,0,0,0,0,0,0,1,0,0,1,0,1
852,0,0,0,0,0,0,1,1,0,0,0,0,1,0,0,0,1,0,0,1
853,0,1,1,0,0,0,1,0,1,0,0,0,1,0,0,1,0,0,0,1
854,0,0,0,1,0,0,0,0,1,0,0,0,0,0,1,0,0,0,1,1
855,1,1,1,0,1,0,0,1,0,0,0,0,0,0,1,0,0,1,0,1
856,0,1,1,0,0,0,1,0,1,0,0,0,0,0,1,0,0,1,0,1
857,0,1,1,0,0,1,0,0,0,1,0,0,0,0,1,0,0,1,0,1
858,2,1,0,0,0,0,1,0,0,0,1,0,0,1,0,1,0,0,0,1
859,0,1,1,0,0,0,1,0,1,0,0,0,0,0,1,0,0,0,1,1
860,0,1,1,0,0,0,1,0,0,0,1,0,0,1,0,0,1,0,0,1
861,0,0,0,0,0,0,1,0,0,1,0,1,0,0,0,0,0,0,1,1
862,0,1,1,0,0,0,1,0,0,0,1,0,0,1,0,1,0,0,0,1
863,1,1,0,0,0,1,0,0,0,1,0,0,0,1,0,1,0,0,0,1
864,0,1,1,0,0,1,0,0,1,0,0,0,0,1,0,1,0,0,0,1
865,1,1,0,0,0,0,1,0,0,1,0,0,0,0,1,0,0,0,1,1
866,0,1,0,0,1,0,0,1,0,0,0,0,0,0,1,0,0,1,0,1
867,0,1,0,0,0,0,1,0,0,0,1,0,0,1,0,0,1,0,0,1
868,0,1,1,0,1,0,0,1,0,0,0,0,0,0,1,0,0,0,1,1
869,2,1,1,0,0,0,1,0,0,1,0,1,0,0,0,1,0,0,0,1
870,0,0,0,0,0,1,0,0,0,0,1,0,0,0,1,0,0,0,1,1
871,2,1,0,0,0,0,1,0,0,0,1,0,0,1,0,1,0,0,0,1
872,0,1,1,0,0,0,1,0,0,0,1,0,0,0,1,0,1,0,0,1
873,1,0,0,0,0,0,1,0,0,1,0,0,0,1,0,0,1,0,0,1
874,1,1,1,0,1,0,0,1,0,0,0,0,0,0,1,0,0,1,0,1
875,0,1,1,0,0,1,0,0,0,1,0,0,0,1,0,0,0,1,0,1
876,1,1,0,0,0,1,0,0,0,1,0,0,0,1,0,1,0,0,0,1
877,0,1,0,1,0,0,0,0,1,0,0,0,0,1,0,1,0,0,0,1
878,1,1,0,1,0,0,0,0,0,1,0,0,0,1,0,0,0,1,0,1
879,0,0,0,1,0,0,0,1,0,0,0,0,0,0,1,0,0,0,1,1
880,1,0,0,1,0,0,0,1,0,0,0,0,0,0,1,0,0,0,1,1
881,0,1,1,0,1,0,0,0,0,1,0,0,1,0,0,1,0,0,0,1
882,0,1,0,0,0,1,0,1,0,0,0,0,0,1,0,1,0,0,0,1
883,0,1,1,0,0,0,1,0,0,1,0,0,1,0,0,1,0,0,0,1
884,1,1,1,0,1,0,0,0,0,1,0,1,0,0,0,0,0,0,1,1
885,0,1,0,0,0,0,1,0,0,1,0,1,0,0,0,1,0,0,0,1
